<?xml version="1.0" encoding="UTF-8"?>
<config xmlns="http://www.knime.org/2008/09/XMLConfig" xmlns:xsi="http://www.w3.org/2001/XMLSchema-instance" xsi:schemaLocation="http://www.knime.org/2008/09/XMLConfig http://www.knime.org/XMLConfig_2008_09.xsd" key="model.xml">
<entry key="version" type="xint" value="1"/>
<entry key="class_name" type="xstring" value="org.knime.base.node.mine.transformation.port.TransformationPortObjectSpec"/>
<config key="model">
<entry key="transformation_type" type="xbyte" value="0"/>
<config key="input_column_names">
<entry key="array-size" type="xint" value="4"/>
<entry key="0" type="xstring" value="Sepal Length"/>
<entry key="1" type="xstring" value="Sepal Width"/>
<entry key="2" type="xstring" value="Petal Length"/>
<entry key="3" type="xstring" value="Petal Width"/>
</config>
<entry key="max_dim_to_reduce_to" type="xint" value="4"/>
</config>
</config>
