<?xml version="1.0" encoding="UTF-8"?>
<config xmlns="http://www.knime.org/2008/09/XMLConfig" xmlns:xsi="http://www.w3.org/2001/XMLSchema-instance" xsi:schemaLocation="http://www.knime.org/2008/09/XMLConfig http://www.knime.org/XMLConfig_2008_09.xsd" key="model.xml">
<entry key="version" type="xint" value="1"/>
<entry key="class_name" type="xstring" value="org.knime.base.node.mine.transformation.port.TransformationPortObject"/>
<config key="model">
<entry key="max_dim_to_reduce_to" type="xint" value="4"/>
<config key="eigenvalues">
<entry key="array-size" type="xint" value="4"/>
<entry key="0" type="xdouble" value="4.22484076832011"/>
<entry key="1" type="xdouble" value="0.24224357162751467"/>
<entry key="2" type="xdouble" value="0.07852390809415417"/>
<entry key="3" type="xdouble" value="0.023683027126001115"/>
</config>
<config key="center">
<entry key="array-size" type="xint" value="4"/>
<entry key="0" type="xdouble" value="5.843333333333333"/>
<entry key="1" type="xdouble" value="3.053999999999999"/>
<entry key="2" type="xdouble" value="3.758666666666667"/>
<entry key="3" type="xdouble" value="1.1986666666666665"/>
</config>
<entry key="number_rows" type="xint" value="4"/>
<config key="eigenvector">
<config key="row_0">
<entry key="array-size" type="xint" value="4"/>
<entry key="0" type="xdouble" value="0.36158967738145015"/>
<entry key="1" type="xdouble" value="-0.0822688898922141"/>
<entry key="2" type="xdouble" value="0.8565721052905277"/>
<entry key="3" type="xdouble" value="0.3588439262482157"/>
</config>
<config key="row_1">
<entry key="array-size" type="xint" value="4"/>
<entry key="0" type="xdouble" value="0.6565398832858325"/>
<entry key="1" type="xdouble" value="0.7297123713264956"/>
<entry key="2" type="xdouble" value="-0.17576740342865388"/>
<entry key="3" type="xdouble" value="-0.0747064701350364"/>
</config>
<config key="row_2">
<entry key="array-size" type="xint" value="4"/>
<entry key="0" type="xdouble" value="-0.580997279827613"/>
<entry key="1" type="xdouble" value="0.5964180879381022"/>
<entry key="2" type="xdouble" value="0.07252407548695869"/>
<entry key="3" type="xdouble" value="0.5490609107266102"/>
</config>
<config key="row_3">
<entry key="array-size" type="xint" value="4"/>
<entry key="0" type="xdouble" value="0.31725454716854584"/>
<entry key="1" type="xdouble" value="-0.32409435241797024"/>
<entry key="2" type="xdouble" value="-0.479718987329941"/>
<entry key="3" type="xdouble" value="0.7511205603808176"/>
</config>
</config>
</config>
</config>
